-- Users
INSERT INTO "users" ("id", "email", "name", "password_hash", "role", "onboarded", "created_at", "updated_at") VALUES
('u1', 'user1@example.com', 'Alice Johnson', 'hash1', 'STUDENT', true, NOW(), NOW()),
('u2', 'user2@example.com', 'Bob Smith', 'hash2', 'STUDENT', true, NOW(), NOW()),
('u3', 'user3@example.com', 'Charlie Brown', 'hash3', 'EMPLOYER', true, NOW(), NOW()),
('u4', 'user4@example.com', 'Diana Prince', 'hash4', 'INSTITUTION', true, NOW(), NOW()),
('u5', 'user5@example.com', 'Evan Wright', 'hash5', 'STUDENT', true, NOW(), NOW()),
('u6', 'user6@example.com', 'Fiona Green', 'hash6', 'STUDENT', true, NOW(), NOW()),
('u7', 'user7@example.com', 'George King', 'hash7', 'EMPLOYER', true, NOW(), NOW()),
('u8', 'user8@example.com', 'Hannah Lee', 'hash8', 'STUDENT', true, NOW(), NOW()),
('u9', 'user9@example.com', 'Ian Scott', 'hash9', 'INSTITUTION', true, NOW(), NOW()),
('u10', 'user10@example.com', 'Julia Roberts', 'hash10', 'STUDENT', true, NOW(), NOW()),
('u11', 'user11@example.com', 'Kevin Hart', 'hash11', 'STUDENT', true, NOW(), NOW()),
('u12', 'user12@example.com', 'Laura Croft', 'hash12', 'EMPLOYER', true, NOW(), NOW()),
('u13', 'user13@example.com', 'Mike Ross', 'hash13', 'STUDENT', true, NOW(), NOW()),
('u14', 'user14@example.com', 'Nina Simone', 'hash14', 'INSTITUTION', true, NOW(), NOW()),
('u15', 'user15@example.com', 'Oscar Wilde', 'hash15', 'STUDENT', true, NOW(), NOW()),
('u16', 'user16@example.com', 'Paul Rudd', 'hash16', 'STUDENT', true, NOW(), NOW()),
('u17', 'user17@example.com', 'Quincy Jones', 'hash17', 'EMPLOYER', true, NOW(), NOW()),
('u18', 'user18@example.com', 'Rachel Green', 'hash18', 'STUDENT', true, NOW(), NOW()),
('u19', 'user19@example.com', 'Steve Jobs', 'hash19', 'INSTITUTION', true, NOW(), NOW()),
('u20', 'user20@example.com', 'Tom Hanks', 'hash20', 'STUDENT', true, NOW(), NOW());

-- Learner Profiles
INSERT INTO "learner_profiles" ("user_id", "bio", "location", "university", "major", "graduation_year", "skills_match_percentage", "verification_status") VALUES
('u1', 'Aspiring Developer', 'New York', 'NYU', 'CS', 2024, 85, 'VERIFIED'),
('u2', 'Data Enthusiast', 'Boston', 'MIT', 'Data Science', 2023, 90, 'VERIFIED'),
('u5', 'Design Lover', 'San Francisco', 'Art School', 'Design', 2025, 75, 'VERIFIED'),
('u6', 'Tech Savvy', 'Austin', 'UT Austin', 'IT', 2024, 80, 'VERIFIED'),
('u8', 'Future CEO', 'Chicago', 'UChicago', 'Business', 2023, 95, 'VERIFIED'),
('u10', 'Code Wizard', 'Seattle', 'UW', 'CS', 2024, 88, 'VERIFIED'),
('u11', 'AI Researcher', 'Toronto', 'UofT', 'AI', 2025, 92, 'VERIFIED'),
('u13', 'Legal Tech', 'London', 'Oxford', 'Law', 2023, 70, 'VERIFIED'),
('u15', 'Writer', 'Dublin', 'Trinity', 'English', 2024, 60, 'VERIFIED'),
('u16', 'Actor', 'LA', 'UCLA', 'Arts', 2025, 50, 'VERIFIED'),
('u18', 'Fashion Tech', 'Paris', 'Sorbonne', 'Fashion', 2023, 85, 'VERIFIED'),
('u20', 'Filmmaker', 'Rome', 'Film School', 'Cinema', 2024, 65, 'VERIFIED');

-- Skills
INSERT INTO "skills" ("id", "name", "category", "verified", "trending", "created_at") VALUES
('s1', 'React', 'TECHNICAL', true, true, NOW()),
('s2', 'Node.js', 'TECHNICAL', true, true, NOW()),
('s3', 'Python', 'TECHNICAL', true, true, NOW()),
('s4', 'Java', 'TECHNICAL', true, false, NOW()),
('s5', 'C++', 'TECHNICAL', true, false, NOW()),
('s6', 'SQL', 'TECHNICAL', true, true, NOW()),
('s7', 'AWS', 'TECHNICAL', true, true, NOW()),
('s8', 'Docker', 'TOOLS', true, true, NOW()),
('s9', 'Kubernetes', 'TOOLS', true, false, NOW()),
('s10', 'Git', 'TOOLS', true, true, NOW()),
('s11', 'Communication', 'SOFT_SKILL', true, true, NOW()),
('s12', 'Leadership', 'SOFT_SKILL', true, true, NOW()),
('s13', 'Teamwork', 'SOFT_SKILL', true, true, NOW()),
('s14', 'Problem Solving', 'SOFT_SKILL', true, true, NOW()),
('s15', 'Time Management', 'SOFT_SKILL', true, false, NOW()),
('s16', 'Spanish', 'LANGUAGES', true, false, NOW()),
('s17', 'French', 'LANGUAGES', true, false, NOW()),
('s18', 'German', 'LANGUAGES', true, false, NOW()),
('s19', 'Mandarin', 'LANGUAGES', true, false, NOW()),
('s20', 'Japanese', 'LANGUAGES', true, false, NOW());

-- User Skills
INSERT INTO "user_skills" ("id", "user_id", "skill_id", "level", "endorsements", "verified", "added_at") VALUES
('us1', 'u1', 's1', 'INTERMEDIATE', 5, true, NOW()),
('us2', 'u1', 's2', 'BEGINNER', 2, false, NOW()),
('us3', 'u2', 's3', 'ADVANCED', 10, true, NOW()),
('us4', 'u2', 's6', 'EXPERT', 15, true, NOW()),
('us5', 'u5', 's11', 'EXPERT', 20, true, NOW()),
('us6', 'u6', 's10', 'INTERMEDIATE', 3, true, NOW()),
('us7', 'u8', 's12', 'ADVANCED', 8, true, NOW()),
('us8', 'u10', 's1', 'EXPERT', 12, true, NOW()),
('us9', 'u11', 's3', 'EXPERT', 18, true, NOW()),
('us10', 'u13', 's14', 'ADVANCED', 7, true, NOW()),
('us11', 'u15', 's16', 'INTERMEDIATE', 4, true, NOW()),
('us12', 'u16', 's11', 'EXPERT', 25, true, NOW()),
('us13', 'u18', 's17', 'ADVANCED', 6, true, NOW()),
('us14', 'u20', 's13', 'EXPERT', 11, true, NOW()),
('us15', 'u1', 's10', 'BEGINNER', 1, false, NOW()),
('us16', 'u2', 's7', 'INTERMEDIATE', 4, true, NOW()),
('us17', 'u5', 's14', 'ADVANCED', 9, true, NOW()),
('us18', 'u6', 's8', 'BEGINNER', 2, false, NOW()),
('us19', 'u8', 's11', 'EXPERT', 14, true, NOW()),
('us20', 'u10', 's2', 'ADVANCED', 6, true, NOW());

-- Opportunities
INSERT INTO "opportunities" ("id", "title", "company", "type", "location", "remote", "description", "salary_min", "salary_max", "posted_date", "created_at") VALUES
('o1', 'Frontend Dev', 'Tech Corp', 'JOB', 'Remote', true, 'React Dev needed', 80000, 120000, NOW(), NOW()),
('o2', 'Backend Dev', 'Data Inc', 'JOB', 'NY', false, 'Node Dev needed', 90000, 130000, NOW(), NOW()),
('o3', 'Data Scientist', 'AI Lab', 'JOB', 'Boston', false, 'Python expert', 100000, 150000, NOW(), NOW()),
('o4', 'UX Designer', 'Design Studio', 'FREELANCE', 'Remote', true, 'Figma expert', 50000, 80000, NOW(), NOW()),
('o5', 'Product Manager', 'Startup X', 'JOB', 'SF', false, 'Lead product', 120000, 180000, NOW(), NOW()),
('o6', 'Intern', 'Big Corp', 'INTERNSHIP', 'Chicago', false, 'Learn coding', 30000, 40000, NOW(), NOW()),
('o7', 'DevOps', 'Cloud Co', 'JOB', 'Remote', true, 'AWS expert', 110000, 160000, NOW(), NOW()),
('o8', 'Mobile Dev', 'App Inc', 'JOB', 'Austin', false, 'iOS/Android', 95000, 140000, NOW(), NOW()),
('o9', 'QA Engineer', 'Test It', 'JOB', 'Remote', true, 'Automated testing', 70000, 100000, NOW(), NOW()),
('o10', 'Sales Rep', 'Sales Force', 'JOB', 'NY', false, 'Sell software', 60000, 120000, NOW(), NOW()),
('o11', 'Marketing Lead', 'Brand Co', 'JOB', 'LA', false, 'Run campaigns', 85000, 130000, NOW(), NOW()),
('o12', 'HR Manager', 'People First', 'JOB', 'Remote', true, 'Manage people', 75000, 110000, NOW(), NOW()),
('o13', 'CTO', 'New Startup', 'JOB', 'SF', false, 'Lead tech', 150000, 250000, NOW(), NOW()),
('o14', 'Junior Dev', 'Web Shop', 'JOB', 'Remote', true, 'Learn web', 50000, 70000, NOW(), NOW()),
('o15', 'Senior Dev', 'Ent Corp', 'JOB', 'Seattle', false, 'Lead team', 130000, 190000, NOW(), NOW()),
('o16', 'Analyst', 'Fin Tech', 'JOB', 'NY', false, 'Analyze data', 80000, 120000, NOW(), NOW()),
('o17', 'Consultant', 'Consult Co', 'FREELANCE', 'Remote', true, 'Advise clients', 100000, 200000, NOW(), NOW()),
('o18', 'Teacher', 'Code School', 'MENTORSHIP', 'Remote', true, 'Teach code', 60000, 90000, NOW(), NOW()),
('o19', 'Researcher', 'Uni Lab', 'PROJECT', 'Boston', false, 'Research AI', 50000, 80000, NOW(), NOW()),
('o20', 'Support', 'Help Desk', 'JOB', 'Remote', true, 'Help users', 40000, 60000, NOW(), NOW());

-- Applications
INSERT INTO "applications" ("id", "user_id", "opportunity_id", "status", "cover_letter", "applied_at", "updated_at") VALUES
('a1', 'u1', 'o1', 'APPLIED', 'Hire me', NOW(), NOW()),
('a2', 'u2', 'o3', 'APPLIED', 'I love data', NOW(), NOW()),
('a3', 'u5', 'o4', 'VIEWED', 'I design good', NOW(), NOW()),
('a4', 'u6', 'o2', 'REJECTED', 'I code node', NOW(), NOW()),
('a5', 'u8', 'o5', 'SHORTLISTED', 'I lead', NOW(), NOW()),
('a6', 'u10', 'o1', 'ACCEPTED', 'I react well', NOW(), NOW()),
('a7', 'u11', 'o3', 'APPLIED', 'AI is future', NOW(), NOW()),
('a8', 'u13', 'o10', 'APPLIED', 'I sell', NOW(), NOW()),
('a9', 'u15', 'o11', 'VIEWED', 'I write', NOW(), NOW()),
('a10', 'u16', 'o12', 'APPLIED', 'I manage', NOW(), NOW()),
('a11', 'u18', 'o4', 'SHORTLISTED', 'Fashion design', NOW(), NOW()),
('a12', 'u20', 'o19', 'APPLIED', 'Film research', NOW(), NOW()),
('a13', 'u1', 'o6', 'APPLIED', 'Intern pls', NOW(), NOW()),
('a14', 'u2', 'o7', 'APPLIED', 'Cloud fan', NOW(), NOW()),
('a15', 'u5', 'o11', 'REJECTED', 'Marketing too', NOW(), NOW()),
('a16', 'u6', 'o8', 'APPLIED', 'Mobile apps', NOW(), NOW()),
('a17', 'u8', 'o13', 'APPLIED', 'CTO dream', NOW(), NOW()),
('a18', 'u10', 'o15', 'SHORTLISTED', 'Senior dev', NOW(), NOW()),
('a19', 'u11', 'o19', 'ACCEPTED', 'Research yes', NOW(), NOW()),
('a20', 'u1', 'o14', 'APPLIED', 'Junior role', NOW(), NOW());

-- Projects
INSERT INTO "projects" ("id", "user_id", "title", "description", "visibility", "verified", "start_date", "created_at", "updated_at") VALUES
('p1', 'u1', 'Portfolio', 'My site', 'PUBLIC', true, '2023-01-01', NOW(), NOW()),
('p2', 'u2', 'Data Viz', 'Charts', 'PUBLIC', true, '2023-02-01', NOW(), NOW()),
('p3', 'u5', 'Design System', 'UI Kit', 'PUBLIC', true, '2023-03-01', NOW(), NOW()),
('p4', 'u6', 'API Gateway', 'Backend', 'PRIVATE', false, '2023-04-01', NOW(), NOW()),
('p5', 'u8', 'Biz Plan', 'Startup', 'CONNECTIONS', true, '2023-05-01', NOW(), NOW()),
('p6', 'u10', 'React App', 'Frontend', 'PUBLIC', true, '2023-06-01', NOW(), NOW()),
('p7', 'u11', 'AI Model', 'ML', 'PUBLIC', true, '2023-07-01', NOW(), NOW()),
('p8', 'u13', 'Legal Doc', 'Law', 'PRIVATE', false, '2023-08-01', NOW(), NOW()),
('p9', 'u15', 'Novel', 'Book', 'PUBLIC', true, '2023-09-01', NOW(), NOW()),
('p10', 'u16', 'Short Film', 'Movie', 'PUBLIC', true, '2023-10-01', NOW(), NOW()),
('p11', 'u18', 'Fashion Line', 'Clothes', 'PUBLIC', true, '2023-11-01', NOW(), NOW()),
('p12', 'u20', 'Documentary', 'Film', 'PUBLIC', true, '2023-12-01', NOW(), NOW()),
('p13', 'u1', 'Blog', 'Writing', 'PUBLIC', true, '2024-01-01', NOW(), NOW()),
('p14', 'u2', 'Scraper', 'Python', 'PRIVATE', false, '2024-02-01', NOW(), NOW()),
('p15', 'u5', 'Logo', 'Art', 'PUBLIC', true, '2024-03-01', NOW(), NOW()),
('p16', 'u6', 'Server', 'Node', 'PUBLIC', true, '2024-04-01', NOW(), NOW()),
('p17', 'u8', 'Pitch Deck', 'Sales', 'CONNECTIONS', true, '2024-05-01', NOW(), NOW()),
('p18', 'u10', 'Game', 'Unity', 'PUBLIC', true, '2024-06-01', NOW(), NOW()),
('p19', 'u11', 'Chatbot', 'NLP', 'PUBLIC', true, '2024-07-01', NOW(), NOW()),
('p20', 'u13', 'Contract', 'Legal', 'PRIVATE', false, '2024-08-01', NOW(), NOW());
